username,id,access_hash,name,group,group id
TVLIBERA1,182469331,5.39E+018,‚òÖ ‚ì£‚ì•‚ìõ‚ìò‚ìë‚ìî‚ì°‚ìê ‚òÖ,Vivere di Matched Betting & more,1333363366
MisterTX,273554221,4.06E+018,Tiziano Minin,Vivere di Matched Betting & more,1333363366
giangio65,310492579,-5.5E+017,Trevisan Gianluca,Vivere di Matched Betting & more,1333363366
tommasonardizzi,360068404,-7.2E+017,Tommaso Nardo,Vivere di Matched Betting & more,1333363366
Thomasparapa,541615853,5.33E+018,Thomas Shelby,Vivere di Matched Betting & more,1333363366
IPTV_TvisionTV,1374478548,3.27E+017,üÖ∏üÖøüÜÉüÜÖ ‚Ä¢’á.◊©‡πÄ‡∏£‡πÄ‡πè‡∏†‚Ä¢‚Ñ¢‚úì,Vivere di Matched Betting & more,1333363366
Tommy_Alex,1252848686,3.18E+018,Lisa Alex,Vivere di Matched Betting & more,1333363366
OrgesTafa1,837554566,7.04E+018,Orges Tafa,Vivere di Matched Betting & more,1333363366
Torino75,399634661,2.79E+018,Roby Pastini,Vivere di Matched Betting & more,1333363366
Anastasia9agosto2002,836242410,1.48E+018,Anastasia Tripak,Vivere di Matched Betting & more,1333363366
Tomavin,234365748,-5.31E+017,El MACHICO,Vivere di Matched Betting & more,1333363366
,894140388,8.95E+018,Donato Tripaldelli,Vivere di Matched Betting & more,1333363366
SimoneTombolesi,106108029,8.76E+018,Simone Tombolesi,Vivere di Matched Betting & more,1333363366
Tamara_2996,876686611,7.95E+018,Tamara Lopez,Vivere di Matched Betting & more,1333363366
,1257019689,5.29E+018,Tushar Roy,Vivere di Matched Betting & more,1333363366
Thessatanist,632407858,-3.68E+018,‚õß,Vivere di Matched Betting & more,1333363366
tony_2134,606257501,6.25E+018,Anto_00,Vivere di Matched Betting & more,1333363366
Andrew1324,389554696,6.62E+018,Torre,Vivere di Matched Betting & more,1333363366
TheMocche20,539421958,4.02E+018,Gianluca,Vivere di Matched Betting & more,1333363366
NemaProblema16,593617480,-6.16E+017,Thiago,Vivere di Matched Betting & more,1333363366
Goncalo755,988400317,4.36E+018,Gon√ßalo Tiago,Vivere di Matched Betting & more,1333363366
missAnn511,1114809752,6.76E+018,Howard's Tina,Vivere di Matched Betting & more,1333363366
TheMadInvestor,1147784290,3.8E+018,Mad Investor,Vivere di Matched Betting & more,1333363366
tangyong902,1156647826,3.61E+018,tangyong,Vivere di Matched Betting & more,1333363366
Tobix77,301331427,-4.98E+018,Tobi,Vivere di Matched Betting & more,1333363366
,1171469349,8.61E+018,Emanuele Tortorella,Vivere di Matched Betting & more,1333363366
AleTr30,550334467,7.41E+018,Alessandro Tardino,Vivere di Matched Betting & more,1333363366
Heliane12,1079453205,-6.6E+017,heliane Tombaran Aria,Vivere di Matched Betting & more,1333363366
,19985496,-2.2E+018,Stefano Terni 35,Vivere di Matched Betting & more,1333363366
mattia_tro,127149595,-3.98E+018,Mattia,Vivere di Matched Betting & more,1333363366
Piratemorgan82,130825515,-3.13E+018,Morgan P√Ør@t‚Ç¨82,Vivere di Matched Betting & more,1333363366
teoxxx1980,703252361,3.49E+018,Matteo,Vivere di Matched Betting & more,1333363366
TOTE_R,1303652151,-8.84E+018,Toter Paoto,Vivere di Matched Betting & more,1333363366
,1192912240,5.28E+018,Teanty Coli,Vivere di Matched Betting & more,1333363366
antoniobaracca,1010413161,6.18E+018,Antonio Baracca Trolling,Vivere di Matched Betting & more,1333363366
The_Blansch,619838162,4.63E+017,Luke,Vivere di Matched Betting & more,1333363366
,927048942,-5.17E+018,Giovanni Torraca,Vivere di Matched Betting & more,1333363366
dreamsgirl0,1207683368,-5.29E+018,Tessy Clark,Vivere di Matched Betting & more,1333363366
TBO67,1399642843,-6.3E+018,TBO67 TradingBluOcean,Vivere di Matched Betting & more,1333363366
Be_ttaa,976201564,7.78E+017,Betta Piccardo,Vivere di Matched Betting & more,1333363366
NiessaT,1192733027,1.84E+018,Niessa Theophilus,Vivere di Matched Betting & more,1333363366
,389002286,-1.43E+018,Miriam Turatello,Vivere di Matched Betting & more,1333363366
Otto230,156038872,3.71E+018,Monica Sartor CC Montebelluna 3 (Tv),Vivere di Matched Betting & more,1333363366
tale_64,489510425,6.02E+018,Tal Tal,Vivere di Matched Betting & more,1333363366
ThomasNicolas10,795390367,7.72E+017,Thomas,Vivere di Matched Betting & more,1333363366
,806981970,6.44E+018,Emanuel Teresa,Vivere di Matched Betting & more,1333363366
takesprofit,644283410,-3.64E+018,Lollo,Vivere di Matched Betting & more,1333363366
mletiziabreschi,169035741,-3.26E+018,Maria Letizia Breschi Team Leader,Vivere di Matched Betting & more,1333363366
turatura1,784000921,-1.98E+018,TURAüí∂ Guide e Metodi di Guadagno,Vivere di Matched Betting & more,1333363366
,1399746537,3.99E+018,jango tex@ kappa,Vivere di Matched Betting & more,1333363366
Tipoxx79,544048030,7.34E+018,Emiliano,Vivere di Matched Betting & more,1333363366
Tata_tum,968650093,6.43E+017,Laura Tambalo,Vivere di Matched Betting & more,1333363366
Diego1213,406250655,-7.8E+018,Tom Maso,Vivere di Matched Betting & more,1333363366
tascolto,755221249,6.64E+018,Giuseppe De Honestis,Vivere di Matched Betting & more,1333363366
kiripro,1309085854,-6.69E+018,julio torres,Vivere di Matched Betting & more,1333363366
,970726860,5.36E+018,aurora testi,Vivere di Matched Betting & more,1333363366
smile_4_ever,180970696,3.26E+018,Antonio Tedesco,Vivere di Matched Betting & more,1333363366
thelovergold,120488185,9.2E+018,alberto picelli,Vivere di Matched Betting & more,1333363366
Ibaudins,93585157,6.68E+018,The baudins,Vivere di Matched Betting & more,1333363366
markstell,482408109,-1.78E+018,Mark Steel,Vivere di Matched Betting & more,1333363366
Spadodo,307231194,2.84E+018,Roberto Spada,Vivere di Matched Betting & more,1333363366
superc66,199625406,7.07E+017,Antonia Ciociola,Vivere di Matched Betting & more,1333363366
Superpapo,360311220,-2.12E+018,Davide Antonini,Vivere di Matched Betting & more,1333363366
Simo012345,496137289,3.39E+018,Simone,Vivere di Matched Betting & more,1333363366
Giuliano60,712139709,3.95E+018,Sebastiana Sole,Vivere di Matched Betting & more,1333363366
Gheddy77,336642915,5.49E+018,Gaetano Siciliano,Vivere di Matched Betting & more,1333363366
Loveforanimals01,1273830290,-5.14E+018,Sandro Luiz,Vivere di Matched Betting & more,1333363366
Spetersonluiz002,1211631639,7.57E+018,Sarah,Vivere di Matched Betting & more,1333363366
Sabri2107,762047416,7.6E+018,Sabrina,Vivere di Matched Betting & more,1333363366
marcosavelletri,1067493239,6.78E+018,Marco Savelletri,Vivere di Matched Betting & more,1333363366
St19922,177930691,-6.24E+018,A M,Vivere di Matched Betting & more,1333363366
Alexsalvador,203392563,8.77E+018,Alex Salvador,Vivere di Matched Betting & more,1333363366
sunniys,222667965,-1.3E+016,S. P.,Vivere di Matched Betting & more,1333363366
freeste55,290085974,-3.26E+018,Stefano Nocera üáÆüáπ ITALIA üèÖ,Vivere di Matched Betting & more,1333363366
simoneDiSabato,319137905,6.95E+017,Simone Di sabato,Vivere di Matched Betting & more,1333363366
,342738182,-5.2E+018,Simone,Vivere di Matched Betting & more,1333363366
bomber_s,385335475,5.14E+018,Dani,Vivere di Matched Betting & more,1333363366
stefycandyrav,447515870,-3.94E+018,Stefania Canditelli,Vivere di Matched Betting & more,1333363366
simonenik80,404083704,-5.02E+018,Simone Nicoli,Vivere di Matched Betting & more,1333363366
Shin05,336646801,-4.48E+018,Davide,Vivere di Matched Betting & more,1333363366
Darkuss89,868985415,8.35E+018,Saverio </>,Vivere di Matched Betting & more,1333363366
,549998011,4.29E+018,Andrea Schinco,Vivere di Matched Betting & more,1333363366
Gerardoas,389474287,5.71E+018,Gerardo Ascenso CC solidarieta'motorie potenza(pz),Vivere di Matched Betting & more,1333363366
Sergion1,179129877,-3.42E+018,Sergio,Vivere di Matched Betting & more,1333363366
satanello76,675116754,-8.42E+018,"Alessio ""satanello""",Vivere di Matched Betting & more,1333363366
stefanoporcedda,223242631,1.51E+018,Stefano,Vivere di Matched Betting & more,1333363366
Pesek77,205313542,-6.94E+018,Simone Mancuso,Vivere di Matched Betting & more,1333363366
Shezanxv3,707926228,-7.03E+018,AndyShezan,Vivere di Matched Betting & more,1333363366
,709954058,1.96E+018,silvio shmilli,Vivere di Matched Betting & more,1333363366
,830648458,-7.62E+018,Noman Sikandar,Vivere di Matched Betting & more,1333363366
SuMiT0486,300313377,4.1E+018,Sumit,Vivere di Matched Betting & more,1333363366
Salva98,364738696,6.7E+018,Salvatore,Vivere di Matched Betting & more,1333363366
,398434343,-7.84E+018,Caterina De Santis,Vivere di Matched Betting & more,1333363366
edgarallanp03,127406437,7.67E+018,Skere,Vivere di Matched Betting & more,1333363366
Aniasadovaya,512135332,-3.79E+017,Anna sadovaya,Vivere di Matched Betting & more,1333363366
Serginh00,250099929,3.2E+018,Sergio,Vivere di Matched Betting & more,1333363366
aslinov2389,142248158,2.23E+018,Pasquale Stabile,Vivere di Matched Betting & more,1333363366
salvatore20,165810808,3.71E+018,salvatore,Vivere di Matched Betting & more,1333363366
Sbirulino3000,287287873,8.31E+018,Gabriele De Stefano,Vivere di Matched Betting & more,1333363366
Silvio983,319956449,-2.46E+018,Silvio,Vivere di Matched Betting & more,1333363366
Sbarlicon,395092667,1.58E+018,GREG,Vivere di Matched Betting & more,1333363366
,494406270,-3.71E+018,Andrea Sias,Vivere di Matched Betting & more,1333363366
anthonypio,541448705,6.72E+018,Orazio Scarano,Vivere di Matched Betting & more,1333363366
MarySunshin91,243052438,4.29E+018,Marica Sunshine,Vivere di Matched Betting & more,1333363366
Sandro_1980,331247865,-1.59E+018,sandro80,Vivere di Matched Betting & more,1333363366
GastroAdvisorCEO,471825470,7.12E+018,Samuele Rosso,Vivere di Matched Betting & more,1333363366
sorellafunebre,582058451,5.81E+018,Kiara Emili,Vivere di Matched Betting & more,1333363366
,786536663,1.28E+018,Gianluca Sessa,Vivere di Matched Betting & more,1333363366
Simleon,252724645,5.41E+018,Simone,Vivere di Matched Betting & more,1333363366
maryluce68,150777180,-4.69E+018,Maria Stolfi SR Basilicata,Vivere di Matched Betting & more,1333363366
qpzmtycv,1063304391,-5.59E+018,simone rossi,Vivere di Matched Betting & more,1333363366
Fanatyk90,95439585,4.82E+018,Santo,Vivere di Matched Betting & more,1333363366
,1282770566,3.38E+018,Suparna,Vivere di Matched Betting & more,1333363366
hgabhv,1286871344,-7.91E+018,Soon-Bok,Vivere di Matched Betting & more,1333363366
cryptostaker_1,1091227434,1.33E+017,Crypto Staker,Vivere di Matched Betting & more,1333363366
Simocade96,233082057,-8.43E+018,Simone,Vivere di Matched Betting & more,1333363366
sj4798,376953852,5.21E+018,Davide C,Vivere di Matched Betting & more,1333363366
S_hinigami,176686787,-4.41E+018,Cas,Vivere di Matched Betting & more,1333363366
sagitter112,240634131,-5.56E+018,Jiji,Vivere di Matched Betting & more,1333363366
Sciarico,365655846,-6.36E+018,Pino,Vivere di Matched Betting & more,1333363366
SoS_foca,529796813,6.46E+018,Alessio Andreetta,Vivere di Matched Betting & more,1333363366
SleVinGen,60381584,3.5E+018,Gennaro Guida,Vivere di Matched Betting & more,1333363366
SharyApple,87821424,2.84E+018,SharyApple Ô£ø,Vivere di Matched Betting & more,1333363366
rafsacco,258749019,-1.54E+018,Raffaele Sacco,Vivere di Matched Betting & more,1333363366
BlaDze,611820,-7.71E+018,Sebastiano Granata,Vivere di Matched Betting & more,1333363366
,14629635,9.19E+018,Danilo Sindoni,Vivere di Matched Betting & more,1333363366
Santo_80,34410541,-2.12E+018,Marco Santarelli,Vivere di Matched Betting & more,1333363366
,36924978,-4.74E+018,Stefi,Vivere di Matched Betting & more,1333363366
,40120048,-2.03E+018,Samuele,Vivere di Matched Betting & more,1333363366
ASMcoach,47651657,-6.44E+018,Alessandro S. Martinelli ‚úîÔ∏è,Vivere di Matched Betting & more,1333363366
GHSecurityBot,208056682,2.3E+018,üõ† Security üõ†,Vivere di Matched Betting & more,1333363366
GHSecurity2Bot,417753222,-1.87E+018,üõ† Security üõ†,Vivere di Matched Betting & more,1333363366
SDeM92,307073253,-9.07E+018,Simone D,Vivere di Matched Betting & more,1333363366
Skark000,591213087,8.53E+018,Lollo,Vivere di Matched Betting & more,1333363366
,1147112408,4.33E+018,Saraphina Annabel,Vivere di Matched Betting & more,1333363366
,1160209157,1.21E+018,Serge alain,Vivere di Matched Betting & more,1333363366
Angelo_Sal,279454353,4.06E+018,Ngioletto,Vivere di Matched Betting & more,1333363366
SfumaturaPerfetta,372468592,-1.56E+018,Adrian,Vivere di Matched Betting & more,1333363366
,650878026,6.72E+018,Carlo Sullo,Vivere di Matched Betting & more,1333363366
Superipippo,1356815043,-8.07E+018,Pippo,Vivere di Matched Betting & more,1333363366
soe90,180174932,7.77E+018,Simona,Vivere di Matched Betting & more,1333363366
djstez,90701961,2.56E+017,Stefano,Vivere di Matched Betting & more,1333363366
soroushmo,77321760,1.72E+017,SorousH,Vivere di Matched Betting & more,1333363366
Snicks,82316397,-2.51E+018,Snicks,Vivere di Matched Betting & more,1333363366
sssoliiii,123960578,3.24E+018,sssooooli,Vivere di Matched Betting & more,1333363366
Stex1234,140867333,7.84E+018,Stefano,Vivere di Matched Betting & more,1333363366
Saland77,150333553,-8.11E+018,Salandiere,Vivere di Matched Betting & more,1333363366
S70rm007,318587631,-2.73E+018,Stormy,Vivere di Matched Betting & more,1333363366
sandalobastardo,328312315,8.16E+017,SpreadYourAss,Vivere di Matched Betting & more,1333363366
Sushino_05,369372154,-4.29E+018,Sushinoüç£‚ú®,Vivere di Matched Betting & more,1333363366
skylira,511950103,-2.36E+018,Skylira –≤—ã—Å—Ç—Ä–µ–ª,Vivere di Matched Betting & more,1333363366
Simoneconcu,523615105,3.88E+018,Simone,Vivere di Matched Betting & more,1333363366
,627567708,9.48E+017,Simona Minichiello,Vivere di Matched Betting & more,1333363366
Skayov,681682087,-1.33E+018,Skayov,Vivere di Matched Betting & more,1333363366
Mitch007007,37591463,2.82E+018,Michele S.,Vivere di Matched Betting & more,1333363366
SrMomo,257654970,-1.27E+018,Momo,Vivere di Matched Betting & more,1333363366
MadSpecialist,514502216,-8.84E+018,Mad Specialist,Vivere di Matched Betting & more,1333363366
sebastianobuda,649569705,-7.25E+018,Sebastiano Buda,Vivere di Matched Betting & more,1333363366
,1056438538,-7.26E+018,Alex Starna,Vivere di Matched Betting & more,1333363366
Sarang004,270524183,-5.46E+018,sarang004,Vivere di Matched Betting & more,1333363366
,300478835,1.34E+018,shubham kashyap,Vivere di Matched Betting & more,1333363366
,300677046,-7.8E+018,sa sa,Vivere di Matched Betting & more,1333363366
Herpa,303341819,-7.38E+018,Same Sam,Vivere di Matched Betting & more,1333363366
,331123904,-7.26E+018,Khalid Shaikh,Vivere di Matched Betting & more,1333363366
ANT0NI_0,243545227,2.4E+018,Antonio Sangermano,Vivere di Matched Betting & more,1333363366
Idrofx,152710208,5.31E+018,Simone Lando,Vivere di Matched Betting & more,1333363366
sabryh,187119355,-2.54E+018,Sabry,Vivere di Matched Betting & more,1333363366
Skorpio1973,468147069,9.15E+018,Skorpio1973,Vivere di Matched Betting & more,1333363366
scuolabus,509722241,8.62E+018,Rocco Crivello,Vivere di Matched Betting & more,1333363366
Spyro696,564272563,-6.59E+018,Lucia,Vivere di Matched Betting & more,1333363366
sant1967,651902593,-5.48E+018,Mauro,Vivere di Matched Betting & more,1333363366
ElenaSparrow,789576080,-1.73E+018,ùï∞ùñëùñäùñìùñÜ ùïæùñïùñÜùñóùñóùñîùñú üè≥Ô∏è‚Äçüåà,Vivere di Matched Betting & more,1333363366
,945973366,5.95E+018,Sabrina,Vivere di Matched Betting & more,1333363366
JF_InternetPremium,601515043,5.26E+018,Fernando Soares,Vivere di Matched Betting & more,1333363366
Andy_in_CBW,716141678,5.98E+018,Andrea Sandri,Vivere di Matched Betting & more,1333363366
Signormonopoli,1195365774,-6.97E+018,Mr. Monopoli,Vivere di Matched Betting & more,1333363366
,1472300540,1.89E+018,Candela Spenta,Vivere di Matched Betting & more,1333363366
bettermatt76,886195854,3.89E+018,Stefano - M .,Vivere di Matched Betting & more,1333363366
,861177812,-7.05E+018,simona ivashchenko,Vivere di Matched Betting & more,1333363366
MagicLife87,1071730402,-5.61E+018,Lucio Silvi,Vivere di Matched Betting & more,1333363366
Sueylngson,1115212424,-7.13E+018,Suey,Vivere di Matched Betting & more,1333363366
sbaelion,33517847,-5.01E+017,Sergio Bucci,Vivere di Matched Betting & more,1333363366
,178055026,-6.85E+018,Ste,Vivere di Matched Betting & more,1333363366
Salvonico1,640607484,-7.54E+018,Salvo,Vivere di Matched Betting & more,1333363366
Ninna10,1001434388,4.04E+018,Severine Ninna,Vivere di Matched Betting & more,1333363366
Likiw,1095816002,-7.09E+018,Sara,Vivere di Matched Betting & more,1333363366
Sirunja,1174230870,7.63E+018,Siruk,Vivere di Matched Betting & more,1333363366
,223351956,8.33E+018,Stefano Forex,Vivere di Matched Betting & more,1333363366
,1167207182,1.41E+018,Stefano,Vivere di Matched Betting & more,1333363366
superpesce87,590670997,8.66E+018,M G,Vivere di Matched Betting & more,1333363366
FortunatoSol,513189758,-5.12E+018,Fortunato Solano,Vivere di Matched Betting & more,1333363366
Schiocchio,1222380822,-3.29E+018,Christian,Vivere di Matched Betting & more,1333363366
,942563355,-8.35E+018,Sambaa Mbacke,Vivere di Matched Betting & more,1333363366
bizeta,446208217,2.01E+018,Super Bizeta,Vivere di Matched Betting & more,1333363366
,1384980253,-5.77E+018,Robert Sansone,Vivere di Matched Betting & more,1333363366
PANTERA741,1384715468,-1.21E+018,Stefano,Vivere di Matched Betting & more,1333363366
rossibologna,589805422,-8.1E+018,Savio,Vivere di Matched Betting & more,1333363366
Smeraldo8,1052008934,-5.42E+018,Marianna Nalesso,Vivere di Matched Betting & more,1333363366
,652451422,-3.05E+018,sonia,Vivere di Matched Betting & more,1333363366
Antoniettademartis,398853129,7.92E+018,Antonietta Demartis RC-Sindia(Nu),Vivere di Matched Betting & more,1333363366
Georgeschioppo,367659299,-1.02E+018,Giorgio Schioppo,Vivere di Matched Betting & more,1333363366
,793986584,-7.58E+018,Gaetano S.,Vivere di Matched Betting & more,1333363366
,911258422,6.38E+018,Fabiano Scuto,Vivere di Matched Betting & more,1333363366
,916840814,-8.31E+018,Gianluca Secchi,Vivere di Matched Betting & more,1333363366
SABRID,53324931,-3.64E+018,Sabrina Ridolfo,Vivere di Matched Betting & more,1333363366
eros123,373535372,-4.48E+018,Eros Sambucu,Vivere di Matched Betting & more,1333363366
Stefbrescia,598888807,9.2E+018,Stefano Capoferri,Vivere di Matched Betting & more,1333363366
,1043523009,-5.04E+018,Strong Bow,Vivere di Matched Betting & more,1333363366
,1102983193,5.78E+018,Samy,Vivere di Matched Betting & more,1333363366
,1349395198,-3.02E+018,Nicole Swazenzer,Vivere di Matched Betting & more,1333363366
barbarascheef,963585961,-8.36E+018,Barbara Scheef,Vivere di Matched Betting & more,1333363366
starrower,107003009,-7.15E+018,sta¬Æ¬Æower,Vivere di Matched Betting & more,1333363366
,638891817,-3.65E+018,silvana Margiotta,Vivere di Matched Betting & more,1333363366
Sonoundc4evviva,1084587142,1.68E+018,Manuele,Vivere di Matched Betting & more,1333363366
alexandas,1082871226,-4.05E+018,Alexanda Steiner,Vivere di Matched Betting & more,1333363366
myllo,272295086,7.39E+018,Emidio S.,Vivere di Matched Betting & more,1333363366
,379788419,-1.56E+018,Sara,Vivere di Matched Betting & more,1333363366
,1341428445,-4.37E+018,sonia kba,Vivere di Matched Betting & more,1333363366
Sabryd,293124418,-6.19E+018,Sabrina Sabrina,Vivere di Matched Betting & more,1333363366
,722498034,8.32E+018,Matteo Spec,Vivere di Matched Betting & more,1333363366
R3drvm,511914444,-8.05E+018,Sara,Vivere di Matched Betting & more,1333363366
Johana8,442916880,8.22E+018,Johana Salazar,Vivere di Matched Betting & more,1333363366
RaffaellaUK,650360151,2.39E+018,Raffaella Secchieri,Vivere di Matched Betting & more,1333363366
Siria66,690310815,-8.49E+018,Irene,Vivere di Matched Betting & more,1333363366
,781372272,5.37E+018,francineide barros da silva,Vivere di Matched Betting & more,1333363366
BinoSoma,223001719,-5.45E+018,Bino Soma,Vivere di Matched Betting & more,1333363366
samurolly,132793141,-8.03E+018,jolly,Vivere di Matched Betting & more,1333363366
Stefano797979,305682356,-6.82E+018,Stefano Girlanda,Vivere di Matched Betting & more,1333363366
Ratata67,347795303,-5E+018,S,Vivere di Matched Betting & more,1333363366
Manuela0,55581602,6.65E+018,Manuela s,Vivere di Matched Betting & more,1333363366
SaraaSarAZ,472633183,-5.45E+018,Sara,Vivere di Matched Betting & more,1333363366
Pagliarisoso,842264483,7.8E+018,Pagliari Sonia,Vivere di Matched Betting & more,1333363366
spiritlibero,372319028,-4.86E+018,Homer,Vivere di Matched Betting & more,1333363366
,148115623,-4.98E+018,Angelo Solito,Vivere di Matched Betting & more,1333363366
Catarro90,264380210,4.46E+018,Simo,Vivere di Matched Betting & more,1333363366
St65it,639870253,-5.96E+018,Stefano,Vivere di Matched Betting & more,1333363366
Nadiama,283814109,6.78E+017,Nadia Martella SP Imperia (Im),Vivere di Matched Betting & more,1333363366
ragnaroknow,1106939625,-3.26E+018,–ï–¥–∏–Ω–∞—è–í–µ—Ä–∞–†–æ—Å—Å–∏—è,Vivere di Matched Betting & more,1333363366
Ryback2020,662302913,-2.2E+018,Casey Ryback,Vivere di Matched Betting & more,1333363366
Gheddy1,997606736,4.24E+018,Adrienne Reyss,Vivere di Matched Betting & more,1333363366
Redlogos,98653796,-6.86E+018,Giuseppe c,Vivere di Matched Betting & more,1333363366
,202632473,-2.17E+018,Daniele Rapisarda,Vivere di Matched Betting & more,1333363366
,1000113335,-3.58E+018,Laura Rossi,Vivere di Matched Betting & more,1333363366
Rickfix,150890582,3.7E+018,Riccardo,Vivere di Matched Betting & more,1333363366
ReBubba,214529656,-9.18E+018,Re Bubba,Vivere di Matched Betting & more,1333363366
chicco428301,629794291,6.96E+017,Ro Ma,Vivere di Matched Betting & more,1333363366
Rendita_online,1245648331,-5.27E+018,Jack,Vivere di Matched Betting & more,1333363366
Roberto95,1269042873,6.96E+018,Roberto,Vivere di Matched Betting & more,1333363366
MarshallRE,1176469946,-3.54E+018,Marshall E.R,Vivere di Matched Betting & more,1333363366
